max_P,utility,inertia,reliability,center_0,radius_0,weight_0,center_1,radius_1,weight_1,center_2,radius_2,weight_2
0.27774264028780105,0.5282676447933915,0.5503030303030308,1.0,0.6012422972391773,1.883788003488911,0.3846736356507603,0.17159081866254045,1.145669129343492,0.04292022663025187,0.2827008238686513,0.09331632343762884,0.5724061377189877
2.2840886424642095,1.7261428204523108,0.9872727272727271,0.07030000000000008,0.8385255077461087,1.9577825446931667,0.36905607729026485,0.5093372741913316,1.3820115576243561,0.29654581470444097,0.39276080551395537,0.059073032488668575,0.3343981080052942
2.2836108719368386,1.7223881316445377,0.9828282828282825,0.07000000000000009,0.7289835514250538,1.9394744388156937,0.35619783945162115,0.18630507295558205,0.9944657242813529,0.27105763671578026,0.25918861556485956,0.03180706817201086,0.37274452383259854
0.09112467133461064,0.17293478451127495,0.9898989898989897,1.0,0.36462160523999243,1.70777101433917,0.11824083452771462,0.11423846093054266,1.1003866426006852,0.6026479000343001,-0.3152014048919711,1.8402688132211353,0.27911126543798515
2.2836223389150527,1.7293478451127475,0.9898989898989897,0.07000000000000009,0.3219650730908534,0.41392102265223873,0.39480198846558245,-0.42466345468547884,0.6183783022470144,0.35827066774090466,1.9798286977861776,1.1526482189681289,0.24692734379351297
0.11278604951721637,0.26483705993815915,0.9898989898989897,1.0,0.7829082615444705,1.9980511131502734,0.3696252619175316,0.6169452249931533,1.0711581041345968,0.00480955110366562,0.2545456002318859,1.9150631409995134,0.6255651869788028
1.890733495449855,1.4431481617208386,0.9157575757575753,0.2639999999999997,0.40552939373712094,1.8723286283966403,0.24152281347812338,0.5827323175219461,1.3958281001564568,0.0900736299654213,0.33191139046818624,0.06501386950865114,0.6684035565564553
0.7521431964024696,0.8119102998868777,0.661414141414142,0.7717,0.776288627870654,1.9753043907721664,0.3298668425392183,0.5838906586257947,1.4236986432884444,0.28958782734699573,0.25868614697316855,0.059073032488668575,0.38054533011378605
0.9771643600225082,0.9339366656830127,0.7466666666666671,0.6730000000000002,0.709577167727984,1.960364006303491,0.3207881244642853,-0.03533002643887587,0.9700018746898589,0.28845565079617297,0.2601990625725963,0.05900814443057288,0.39075622473954175
1.8179283916003552,1.3494881953756488,0.9046464646464645,0.32479999999999976,0.7557582281090235,1.8818879362399672,0.01042904307172873,0.5814511395517449,1.3020928086591663,0.17113780544015791,0.3357446054705894,0.05919171667025295,0.8184331514881134
1.591179233693393,1.2867430800187447,0.8629292929292929,0.3946999999999996,0.7881061201408089,1.9498554358491909,0.30703762482186536,0.024038112674620193,1.1393042009059324,0.1460504067585413,0.2586956795174487,0.05909273442772779,0.5469119684195933
1.44726907534444,1.2008503947652323,0.824040404040404,0.4607999999999997,0.7815533276163311,1.963815968837099,0.5075911251432992,0.5289367110394206,1.300308155139469,0.20694012367463485,0.25913907394910574,0.050120117779204235,0.285468751182066
0.7115705891899246,0.789814993146715,0.6568686868686874,0.7898000000000002,0.776288627870654,1.9753043907721664,0.3185321279147996,0.5838906586257947,1.4324013409685639,0.2796371595065523,0.25868614697316855,0.059073032488668575,0.40183071257864794
0.40618874976421765,0.6182613959334521,0.6441414141414146,0.9269000000000002,0.7824570179767184,1.9358582938380307,0.3246482331522923,0.1458801127254109,0.8839348637594295,0.2570895857177944,0.25923471219482774,0.059090744994170996,0.41826218112991326
0.7754448198651095,0.824359201916865,0.6981818181818186,0.7625,0.8208276951241115,1.9588363014248635,0.3374118333660538,0.631809323045333,1.377410981257653,0.187363271427013,0.26061350214458834,0.059109665539130454,0.4752248952069331
0.6737654086863322,0.7657297912849883,0.6933333333333337,0.8085,0.6474884580143913,1.8543579642887171,0.389043836819338,-0.03533002643887587,0.9426552820959614,0.14619408974334117,0.2600569001707239,0.05900814443057288,0.4647620734373209
0.5676682919530497,0.7065167036823596,0.6819191919191921,0.8552000000000001,0.8018708227587782,1.6249859678859986,0.29215527721408713,0.22363690110183326,0.6648871214023552,0.33062133569742264,0.2591672523032383,0.05919262493089263,0.37722338708849024
0.20365663244145638,0.4811424982246482,0.9797979797979793,1.0,0.7829069116756485,1.9681366514456635,0.321575793335417,0.11513027325302105,0.9356585736075187,0.15477613199995144,0.25869059130311145,0.23200076044062387,0.5236480746646314
0.8576275429494274,0.8707532811410297,0.7221212121212126,0.7258,0.8417938015672513,1.958024093099624,0.30034257559507,0.11806080491216397,1.0574987983971413,0.3638696992363399,0.2601334658095672,0.05102328079551567,0.33578772516859007
2.2026111897809773,1.642048047266095,0.9655555555555552,0.11620000000000008,0.7494300273959809,1.7151680047665525,0.3872518071652482,0.3968473167310843,1.0833443503106497,0.13300367444303093,0.25909973614742304,0.051096355241164515,0.47974451839172094
0.8344934854429396,0.8570572259068625,0.6839393939393943,0.7353000000000002,0.776288627870654,1.9753043907721664,0.3185321279147996,0.5838906586257947,1.4324013409685639,0.2796371595065523,0.25868614697316855,0.059073032488668575,0.40183071257864794
0.590289253291783,0.7197037595040744,0.6688888888888895,0.8452999999999998,0.5376561907993821,1.862150516154085,0.4161161717707708,0.5792008303640878,0.8567821876949002,0.12551257747453942,0.2591824280618418,0.059192309464576716,0.4583712507546897
0.5305128690782296,0.6859744036195898,0.6740404040404039,0.8724000000000001,0.782755191055238,1.9113573091033058,0.28779314649482435,0.4168594108087278,0.9328091182811126,0.12151120129825975,0.25914959595969994,0.06482894864526835,0.590695652206916
1.0563938186714792,0.9838861646205248,0.7580808080808086,0.6342999999999998,0.6464086138567188,1.926417354247289,0.4777118550866576,0.46530430234167963,0.884063075589807,0.1507735002233528,0.25567128538784434,0.05946356190925081,0.37151464468998957
1.5689013070886304,1.277709449854835,0.8582828282828285,0.40319999999999967,0.6335846661734469,1.926417354247289,0.4398106249233713,0.42005479780299143,0.736834415098929,0.13961471558143118,0.25567128538784434,0.059086769106580235,0.4205746594951975
1.6503586492611666,1.3180038346706824,0.8692929292929292,0.36839999999999984,0.6778380175317056,1.720211408409506,0.4109855928382698,0.26661317936089923,0.9044919375663669,0.19133111178923295,0.25567128538784434,0.059072592556880084,0.3976832953724972
1.078935671202105,0.9920552025424029,0.9455555555555547,0.6269,0.781584258845275,1.7126840039180908,0.48338349472726316,0.2613714446894991,0.9044919375663669,0.1490196373453499,0.2590747558453173,0.05881361538953827,0.36759686792738694
1.9364587195275171,1.4851309509587054,0.9192929292929293,0.23819999999999994,0.5994218636476724,1.926417354247289,0.4265578824931293,-0.03304555953371466,0.9044919375663669,0.16554056620670074,0.25567128538784434,0.05907363799219069,0.4079015513001699
1.3060596451089044,1.1234872199498502,0.7995959595959599,0.5242,0.7855373962053537,1.959020030491947,0.3033944788781646,0.46410687617082275,0.8975919755807326,0.33263867908310685,0.26020128731295705,0.050224968884005,0.3639668420387286
1.8972690437639526,1.4678993716123492,0.91,0.2542999999999998,0.838006778558746,1.9599345727557067,0.39825094266774275,0.1286684073898754,1.1706110990739886,0.1564982372655633,0.2601334658095672,0.050920545324345826,0.4452508200666939
0.14784244589159232,0.39815904365811383,0.969696969696969,1.0,0.8018708227587782,1.6192231085100937,0.1696564013114296,0.22363690110183326,0.9270847664652788,0.4022971207380184,0.20412965473265382,0.20331678264311984,0.4280464779505519
0.38721952579067404,0.6049563859391239,0.6545454545454548,0.9367000000000002,0.6551107455555738,1.8550261593949942,0.42684647816449467,0.02953528706761263,0.9426552820959614,0.13714839534756346,0.2600569001707239,0.059086095240506085,0.43600512648794193
0.4459579248678949,0.6381551614784864,0.595353535353536,0.9095,0.7829082615444705,1.9600454201390933,0.43888510422989635,0.5336906076529724,1.1752697402408734,0.04692898103805587,0.2590650118546497,0.06527309867448138,0.5141859147320478
1.410798326526365,1.183424550575489,0.8326262626262629,0.4771999999999998,0.7881061201408089,1.949623343691772,0.30836050361824885,0.024038112674620193,1.144034632682583,0.14577159366099846,0.25869718507499345,0.05909273442772779,0.5458679027207527
0.09977154169142607,0.21582498388324123,0.9898989898989897,1.0,0.7485456369802578,1.9249023639159617,0.28500998888899276,0.2934408180084376,1.3826850735687233,0.306729638909062,0.2586933731884863,1.9443067093119666,0.4082603722019453
1.4059627482107795,1.1774567687406077,0.9069696969696964,0.4793999999999999,0.7829082615444705,1.831359831760509,0.5368656367955916,0.5333859779452861,1.145669129343492,0.03818145413791503,0.2590642332354045,0.05889699587734491,0.42495290906649336
1.0991328498376969,1.0070954805683032,0.788888888888889,0.6155,0.5304416778261166,1.7245308294303445,0.4047504432087948,0.3827558772354174,0.9485649600110804,0.1974341584103408,0.25574657454636235,0.05881585886949925,0.3978153983808645
0.30465723250071497,0.5601399866440395,0.5683838383838389,0.973,0.7815548598238368,1.9859463746155066,0.3640064875376829,-0.03533002643887587,1.4095400813158847,0.27334290280639495,0.2601990625725963,0.05900814443057288,0.3626506096559223
0.8934216300644425,0.8892531526469721,0.7089898989898995,0.7085000000000002,0.7492192069999185,1.926417354247289,0.3598465257081513,0.4680075797027685,0.9274306549367024,0.13965091270866611,0.25680625733955226,0.06601775131204331,0.5005025615831826
1.9987431671420004,1.5191668664619937,0.924242424242424,0.2110999999999998,0.7829082615444705,1.831359831760509,0.3992707236036582,0.6501049605368404,1.145669129343492,0.028395814105139992,0.2590642332354045,0.059135226239838246,0.5723334622912017
1.3634845295570381,1.1554520783797853,0.8159595959595962,0.49689999999999984,0.6464086138567188,1.926417354247289,0.4641204872960405,0.47592494020941817,0.884063075589807,0.15440095537023554,0.25567128538784434,0.05946356190925081,0.381478557333724
0.12123484730842364,0.29523570681870664,0.9898989898989897,1.0,0.7829082615444705,1.998364396039383,0.4290447009681798,0.6169452249931533,1.0711581041345968,0.00583864481406828,0.2545456002318859,1.9388453344171384,0.5651166542177517
1.815517624165061,1.4185629278453478,0.8925252525252525,0.2921999999999997,0.7829082615444705,1.8950981032332375,0.36008312284941296,0.9276985635156451,1.145669129343492,0.01174395570024045,0.2590642332354045,0.059135226239838246,0.6281729214503465
0.6946150832721468,0.7791611736289927,0.6722222222222228,0.799,0.8213493843822961,1.9115709345898024,0.26254762821698613,0.631809323045333,1.4258273895144888,0.20865658829041098,0.26061350214458834,0.059109665539130454,0.5287957834926029
1.5498750096306182,1.2566200621022159,0.9782828282828278,0.4161000000000002,0.7651809700198879,1.7151680047665525,0.22377303026011697,0.6098701704709351,1.0833443503106497,0.3142992048905627,0.2601338727500717,0.060604114179148905,0.4619277648493203
1.6715209908210669,1.3327774465926618,0.8778787878787878,0.3581999999999998,0.6335846661734469,1.926417354247289,0.4398106249233713,0.42005479780299143,0.6923165718535047,0.13961471558143118,0.25567128538784434,0.0590736468750107,0.4205746594951975
1.7452310124998303,1.3449880245890433,0.8864646464646464,0.3450999999999997,0.7828463000510548,1.9681366514456635,0.321575793335417,0.11513027325302105,0.9449499999203177,0.15477613199995144,0.25869348974408674,0.055990198044579706,0.5236480746646314
1.691662039110329,1.3344267339527673,0.9336363636363627,0.3526999999999999,0.709577167727984,1.960364006303491,0.32078866099208997,-0.03533002643887587,0.8968364358422081,0.28849375723418524,0.2601990625725963,0.05900814443057288,0.3907175817737248
1.3672914305392543,1.158336365369829,0.817777777777778,0.4964999999999998,0.7829082615444705,1.883788003488911,0.3834294165473447,0.17159081866254045,1.145669129343492,0.0430070133648862,0.2590642332354045,0.05947574086378958,0.573563570087769
0.20374670150509971,0.48235294484681335,0.9797979797979793,1.0,0.7829069116756485,1.9681366514456635,0.3391627175096421,0.11513027325302105,0.9356585736075187,0.13555832421222466,0.2586932075048737,0.23200076044062387,0.5252789582781331
0.9391548578447765,0.9165219716662955,0.7398989898989902,0.689,0.8417938015672513,1.9599345727557067,0.31634965581235447,0.1286684073898754,1.1706110990739886,0.32996645147736203,0.2601334658095672,0.050920545324345826,0.3536838927102835
1.0019320419184625,0.9471628579380683,0.7621212121212119,0.6635,0.7799699018364277,1.9586215120687143,0.3897554658999144,0.37688867338438226,0.9809965508176053,0.10345191802038396,0.26009795921931383,0.05588404531711171,0.5067926160797016
0.14889438765525564,0.38278844777737986,0.9797979797979793,1.0,0.782755191055238,1.9113573091033058,0.29086102329483093,0.6163407961099837,1.0730901791648857,0.12086878248493331,0.25914959595969994,1.6991868178958873,0.5882701942202356
1.6311690702594535,1.3050706795264713,0.8551515151515153,0.3785999999999998,0.7828463000510548,1.9267274368855796,0.43753293919923497,0.49681358912567486,1.3055093489378884,0.12985025966543573,0.25869348974408674,0.05589658146473172,0.43261680113532935
0.3238972321273316,0.5713530337511001,0.5749494949494955,0.9639000000000002,0.7815548598238368,1.9857650356681646,0.36622549962454476,-0.03533002643887587,1.3465346302558248,0.27501017981792264,0.26022406510890317,0.05900814443057288,0.3587643205575326
2.1406805841444427,1.606897002169211,0.9511111111111107,0.14410000000000006,0.7488060920337074,1.7245308294303445,0.4251897814209758,0.2613714446894991,0.9044919375663669,0.16607139963388082,0.25567128538784434,0.05881361538953827,0.40873881894514336
2.1209356658177234,1.597464659745785,0.9506060606060603,0.15220000000000006,0.7815694443213634,1.9681366514456635,0.3211802991716942,-0.03437774023468097,0.9449499999203177,0.1545857785649038,0.25869348974408674,0.055990198044579706,0.524233922263402
1.7951207351111305,1.4033811156208704,0.8931313131313131,0.30259999999999965,0.7829082615444705,1.8950981032332375,0.3892083812055502,0.6501049605368404,1.145669129343492,0.02768018837225361,0.2590642332354045,0.059135226239838246,0.5831114304221962
0.8855865460349154,0.8201821249963409,0.7370707070707067,0.7544999999999998,0.6510499728959789,1.926607474132697,0.43552809442223017,0.4965162772150651,1.3055093489378884,0.12877898121810932,0.25869348974408674,0.05577338568657782,0.4356929243596605
0.8146367890523729,0.8465388744781198,0.706363636363637,0.7439999999999999,0.7772026617608835,1.9753043907721664,0.22812143645929214,0.5838906586257947,1.4236986432884444,0.33355555340440685,0.25868614697316855,0.059073032488668575,0.43832301013630104
1.1438484243307263,1.0337325042596068,0.7667676767676772,0.5967999999999998,0.7855373962053537,1.959020030491947,0.3032231370985403,0.46410687617082275,0.8975919755807326,0.3324508216657382,0.26020128731295705,0.050120117779204235,0.3643260412357216
1.3262176638316558,1.1352431489832073,0.8116161616161617,0.5146999999999999,0.7556727087624235,1.884450574266865,0.3318355036908532,0.5814511395517449,1.3020928086591663,0.12623420829113904,0.25896697894019705,0.05919171667025295,0.5419302880180077
1.4883745282675842,1.2286593095484888,0.826969696969697,0.4407999999999997,0.7630086307638185,1.9351903212805484,0.3585832844616951,0.5314263439264393,0.9178827885408709,0.12834284682531893,0.25869204782541166,0.05907144351122507,0.5130738687129861
1.978509025759554,1.511234778700366,0.9254545454545452,0.21829999999999974,0.7815554124145833,1.9997063692659696,0.49593072738617316,0.11118690727775427,1.4143556770627375,0.21589390563869942,0.2591335136897394,0.045329346435693744,0.2881753669751274
1.2456022835752947,1.0656575440444145,0.8052525252525251,0.5633000000000001,0.7872687352676445,1.92178088210678,0.30910041393735743,0.24564899592156447,0.9472086761472044,0.11069430232056081,0.2591996125218087,0.059073032488668575,0.5802052837420818
1.161829536922079,1.0394850269361244,0.8558585858585858,0.5897000000000001,0.7494300273959809,1.7151680047665525,0.3723595155739693,0.6098701704709351,1.0833443503106497,0.1278888383961279,0.2601338727500717,0.060604114179148905,0.49975164602990274
1.957745647543708,1.49892299119201,0.9164646464646462,0.2280999999999995,0.7557582281090235,1.8629702650988609,0.3173753613794493,0.5814511395517449,0.8836367959228857,0.12073339660536526,0.25896697894019705,0.05919171667025295,0.5618912420151854
0.6084033332632384,0.7299845986773306,0.7326262626262628,0.8367,0.7870034448100678,1.9983739270413785,0.37921399221176666,0.6159452479071517,1.0762197924808306,0.11855024899528263,0.2590542212389144,0.06527309867448138,0.5022357587929508
0.8166036163643667,0.847274228852914,0.7169696969696973,0.7437999999999998,0.8417938015672513,1.958024093099624,0.30034257559507,0.11806080491216397,1.0574987983971413,0.3638696992363399,0.2601334658095672,0.05102328079551567,0.33578772516859007
2.054071785805497,1.542919655741203,0.9730303030303024,0.1868,0.8274104028208162,1.9261578305094507,0.28788967492834827,0.513614088417131,1.1463761987593006,0.27809662849105593,0.3855524337084108,0.059073032488668575,0.43401369658059585
2.2262534644390466,1.666620180289456,0.9764646464646459,0.1018000000000001,0.7803029672762052,1.9261578305094507,0.2667651791722483,0.513614088417131,0.994882631846436,0.28634626459590234,0.3855524337084108,0.059073032488668575,0.44688855623184937
0.278313936138374,0.5259937982977003,0.5550505050505058,1.0,0.6357970955234888,1.9280252663836683,0.5097320124633735,0.42005479780299143,0.6697062525326796,0.21045062982565324,0.259045806504172,0.0590736468750107,0.27981735771097327
0.9178092381177353,0.9022861438958106,0.738484848484849,0.6990999999999999,0.6865926717299772,1.9351903212805484,0.4374454601768405,0.5314263439264393,0.9178827885408709,0.08212584167584833,0.25861796928730013,0.05908391124027712,0.48042869814731126
1.0387496972337569,0.9725799350347039,0.779191919191919,0.6431999999999999,0.5297927376977793,1.7245308294303445,0.4047504432087948,0.26112502023436757,0.9485649600110804,0.1974341584103408,0.25567128538784434,0.05881361538953827,0.3978153983808645
0.13735947221187622,0.347369127951191,0.9898989898989897,1.0,0.7699620400590987,1.8405333886521424,0.4664781887412876,0.14299369053424157,1.0789113574139795,0.006348057560026314,0.2581864728760838,1.8760256802264552,0.5271737536986861
1.2435267775968337,1.0890247079843431,0.7840404040404045,0.5515999999999999,0.7815532043186059,1.963815968837099,0.5075911251432992,0.5289367110394206,1.2994027896362055,0.20694012367463485,0.25913907394910574,0.050120117779204235,0.285468751182066
1.1224207965081565,1.0204399382530231,0.7824242424242425,0.6060999999999999,0.7830697515737165,1.8818879362399672,0.3318355036908532,0.0745179073408192,1.3020928086591663,0.12623420829113904,0.259065889576412,0.05919171667025295,0.5419302880180077
0.2842112951801248,0.5495415351986928,0.5679797979797988,0.9818000000000001,0.7828291349017383,1.9857650356681646,0.38835202193600515,-0.027734786202955483,1.3465346302558248,0.21902686255165904,0.26022406510890317,0.05900814443057288,0.39262111551233586
1.671197214584057,1.321894558362478,0.9564646464646457,0.36219999999999986,0.709577167727984,1.9600505210742112,0.3313012605525381,-0.03533002643887587,0.8968364358422081,0.29954991654728275,0.2601990625725963,0.05900814443057288,0.36914882290017903
0.4873863819729994,0.6621238100136533,0.6015151515151521,0.8910999999999999,0.7829082615444705,1.9600454201390933,0.4398448330673571,0.5332151425113476,1.1752697402408734,0.04703160264899867,0.2590650118546497,0.06527309867448138,0.5131235642836441
2.222505171687677,1.651617264261551,0.9690909090909088,0.10790000000000005,0.7488060920337074,1.6463186306961386,0.4251897814209758,0.31881367988951675,0.9036079141741085,0.16607139963388082,0.25567128538784434,0.05881361538953827,0.40873881894514336
1.7742021982114717,1.387491370398584,0.8837373737373734,0.3132999999999997,0.7870034448100678,1.9976961905690258,0.37916602742793915,0.6159452479071517,1.0762197924808306,0.11866173893929845,0.2590542212389144,0.059007924648240666,0.5021722336327624
2.0287606855873235,1.5320529140853352,0.9409090909090907,0.19809999999999994,0.39702341347269,1.8723286283966403,0.038056390439223424,0.5764186861538012,1.409868132398945,0.22899591337345554,0.3322919129061549,0.06501386950865114,0.7329476961873211
0.3246539316341676,0.5717677882090982,0.6344444444444449,0.9637,0.7824362009406831,1.9375622292443015,0.3246482331522923,0.2611313504915974,0.8839348637594295,0.2570895857177944,0.2592157699133701,0.05909023798325807,0.41826218112991326
1.5098265927845236,1.2356164532809801,0.8475757575757575,0.4354999999999998,0.7828463000510548,1.9681366514456635,0.3585710628746219,0.11513027325302105,0.9449499999203177,0.14633600756847653,0.25869348974408674,0.05595773270873361,0.49509292955690154
1.6317112708945727,1.3098731524278886,0.853838383838384,0.3768999999999998,0.7829082615444705,1.8950981032332375,0.4250767777519638,0.6324172824737935,1.145669129343492,0.02955494184983602,0.2590642332354045,0.05910986519041492,0.5453682803982002
0.9951892940830581,0.9217044213249911,0.7747474747474747,0.6790999999999999,0.26207075926604695,0.38770076244356655,0.4137858719732687,0.26661317936089923,0.9044919375663669,0.19042148969220943,0.25567128538784434,0.059072592556880084,0.39579263833452183
0.44576397751357805,0.6406273448489783,0.626565656565657,0.9087,0.7555967380797773,1.9600454201390933,0.43888510422989635,0.5336906076529724,1.1752697402408734,0.04692898103805587,0.2589661012184347,0.06527309867448138,0.5141859147320478
0.5067172059011718,0.6743364195653604,0.6083838383838389,0.8816000000000002,0.781584258845275,1.9392216395369775,0.4777414803325844,0.2613714446894991,1.0214727345487906,0.15064709394112477,0.2590747558453173,0.05913149156308242,0.37161142572629086
0.28358295677594336,0.5488149044010785,0.5870707070707077,0.982,0.7815548598238368,1.960364006303491,0.3246464778393415,-0.03533002643887587,1.4006034839297716,0.28752223968026813,0.2601990625725963,0.05900814443057288,0.38783128248039034
2.0922595381860285,1.5724130001207062,0.9733333333333327,0.1673000000000001,0.7803029672762052,1.9261578305094507,0.2662903475256823,0.5267574162247749,0.994882631846436,0.28583657937863377,0.3855524337084108,0.059073032488668575,0.44787307309568386
1.1829195011300648,1.052345942799595,0.7654545454545456,0.5799,0.7557582281090235,1.8809718432125586,0.3733521250697177,0.5877787174895152,1.3020928086591663,0.14208417545572316,0.2589659763600484,0.05907700509572393,0.4845636994745592
2.2642797582757894,1.6802129653716937,0.9762626262626258,0.08590000000000005,0.3965017242145046,1.9444484382443632,0.04259825892465584,0.7298012666615354,1.4168410170538288,0.1747489864121651,0.3322919129061549,0.06500576601100963,0.782652754663179
0.3449960330287224,0.5822161025787496,0.5814141414141422,0.9549,0.7815548598238368,1.960364006303491,0.3246464778393415,-0.04552403107938681,1.4006034839297716,0.28752223968026813,0.2601990625725963,0.05900814443057288,0.38783128248039034
1.4666415615629307,1.2161103581015116,0.838888888888889,0.4506999999999999,0.6335846661734469,1.926417354247289,0.30556295939145695,0.42005479780299143,0.6923165718535047,0.2885347660137105,0.25567128538784434,0.0590736468750107,0.4059022745948326
2.263565543466458,1.6924515175513735,0.9762626262626257,0.08140000000000008,0.8018708227587782,1.6192231085100937,0.2679325795048181,0.22363690110183326,0.6648871214023552,0.356261505417047,0.2591669885664806,0.04418168189578917,0.37580591507813493
1.509139459339343,1.236831759495375,0.8402020202020206,0.43299999999999983,0.7630086307638185,1.934544497980165,0.3395454532035112,0.5314263439264393,0.9178827885408709,0.11378777810217083,0.25869204782541166,0.05907144351122507,0.5466667686943181
1.7686087333835845,1.3751034853904418,0.8888888888888884,0.3242999999999996,0.7828463000510548,1.926607474132697,0.3279532820974155,0.4965162772150651,1.3055093489378884,0.15332116763877668,0.25869348974408674,0.055760254572188264,0.518725550263808
0.6514873745908646,0.754783030026004,0.6484848484848489,0.8177000000000002,0.7824570179767184,1.9358582938380307,0.31641505431302847,0.47575112227914523,0.9036740837620827,0.2505697149137111,0.25923471219482774,0.059090744994170996,0.43301523077326054
2.058855100465179,1.5572547275358632,0.9330303030303029,0.18159999999999987,0.7492192069999185,1.926417354247289,0.4265578824931293,0.4680075797027685,0.884063075589807,0.16554056620670074,0.25567128538784434,0.05946356190925081,0.4079015513001699
